{
  "Abkhazia": 1610.19313761821,
  "Afghanistan": 1224.040799347606,
  "Albania": 1636.4437238347816,
  "Alderney": 1100.247651133929,
  "Algeria": 1844.9933202233979,
  "Ambazonia": 1414.1806461145557,
  "American Samoa": 1015.5485185523873,
  "Andalusia": 1555.1912710194931,
  "Andorra": 1117.716328696274,
  "Angola": 1575.4021260701838,
  "Anguilla": 951.5896879600494,
  "Antigua and Barbuda": 1161.4120465059607,
  "Arameans Suryoye": 1535.428321067455,
  "Argentina": 2138.698675852248,
  "Armenia": 1414.869883366135,
  "Artsakh": 1543.686250124165,
  "Aruba": 1234.1161418770416,
  "Asturias": 1512.008660061101,
  "Australia": 1911.7065639064224,
  "Austria": 1834.4421459695454,
  "Aymara": 1470.4334465371926,
  "Azerbaijan": 1374.835550555514,
  "Bahamas": 1024.22601067448,
  "Bahrain": 1555.3518855015798,
  "Bangladesh": 1153.5926922630813,
  "Barawa": 1386.5384124073096,
  "Barbados": 1169.2145218385488,
  "Basque Country": 1714.6941363022029,
  "Belarus": 1529.4951468593558,
  "Belgium": 1915.3775365103395,
  "Belize": 1309.2191847164627,
  "Benin": 1538.6229973533943,
  "Bermuda": 1350.6043346013912,
  "Bhutan": 909.998121666328,
  "Biafra": 1511.9242455187111,
  "Bolivia": 1688.0008577654562,
  "Bonaire": 1181.6596489108222,
  "Bosnia and Herzegovina": 1627.9777685795584,
  "Botswana": 1390.4524360636633,
  "Brazil": 2024.8720543962452,
  "British Virgin Islands": 1059.2430336044813,
  "Brittany": 1503.5534437790832,
  "Brunei": 944.9534246022648,
  "Bulgaria": 1511.0969543967817,
  "Burkina Faso": 1643.6341661732108,
  "Burundi": 1392.3405517804292,
  "Cambodia": 1103.077660935871,
  "Cameroon": 1708.1412174717657,
  "Canada": 1850.413459673104,
  "Canary Islands": 1506.1889552745445,
  "Cape Verde": 1635.0685462067129,
  "Cascadia": 1533.0586237098407,
  "Catalonia": 1585.2179424580888,
  "Cayman Islands": 1087.6695923969835,
  "Central African Republic": 1370.0537145821518,
  "Central Spain": 1497.0238689635214,
  "Chad": 1262.802575247878,
  "Chagos Islands": 1395.2638622679033,
  "Chameria": 1543.2099663836586,
  "Chechnya": 1473.155572529835,
  "Chile": 1757.7298373470699,
  "China": 1555.8922483903298,
  "Cilento": 1494.0601029218608,
  "Colombia": 2015.7675015327363,
  "Comoros": 1465.8994157453108,
  "Congo": 1352.9277081415144,
  "Cook Islands": 1206.347787536789,
  "Corsica": 1536.2501295174109,
  "Costa Rica": 1747.801151086935,
  "County of Nice": 1571.8758425686437,
  "Crimea": 1505.4311289374746,
  "Croatia": 1930.2698057786376,
  "Cuba": 1433.4964509965869,
  "Cura\u00e7ao": 1591.8027229647385,
  "Cyprus": 1340.1119212717254,
  "Czech Republic": 1741.9109048582004,
  "Czechoslovakia": 1757.1579181569966,
  "DR Congo": 1734.4409960947648,
  "Darfur": 1324.352716233415,
  "Denmark": 1886.0178343508226,
  "Djibouti": 1091.8934722235683,
  "Dominica": 1204.8948744045972,
  "Dominican Republic": 1483.2224705135095,
  "Donetsk PR": 1506.3710664446462,
  "D\u00e9lvid\u00e9k": 1501.1041259616206,
  "East Turkestan": 1461.919257288875,
  "Ecuador": 1940.5127396342675,
  "Egypt": 1781.4194968670124,
  "El Salvador": 1506.4358704534318,
  "Elba Island": 1509.992224579216,
  "Ellan Vannin": 1558.9516596276878,
  "England": 2043.3035506885326,
  "Equatorial Guinea": 1460.5649821772531,
  "Eritrea": 1230.8945534101213,
  "Estonia": 1391.4923943577821,
  "Eswatini": 1318.6096114581349,
  "Ethiopia": 1395.052485789081,
  "Falkland Islands": 1253.2555070983633,
  "Faroe Islands": 1385.0836049481647,
  "Felvid\u00e9k": 1503.966619462672,
  "Fiji": 1478.0736087856371,
  "Finland": 1580.4198758693549,
  "France": 2074.419183625063,
  "Franconia": 1484.675535939269,
  "French Guiana": 1449.8256573941117,
  "Fr\u00f8ya": 1242.7469602552271,
  "Gabon": 1525.554407315476,
  "Galicia": 1516.3084610024366,
  "Gambia": 1524.0503579930405,
  "Georgia": 1667.748199950022,
  "German DR": 1682.129800495802,
  "Germany": 1967.9432577805997,
  "Ghana": 1618.5161284830315,
  "Gibraltar": 1132.8608705087124,
  "Gotland": 1456.4566296738888,
  "Gozo": 1465.6545112589708,
  "Greece": 1765.279469731652,
  "Greenland": 1475.9173145075422,
  "Grenada": 1305.6533139912103,
  "Guadeloupe": 1527.4107459030656,
  "Guam": 1032.463290852758,
  "Guatemala": 1646.1798249485985,
  "Guernsey": 1741.4967695416278,
  "Guinea": 1574.1073019365867,
  "Guinea-Bissau": 1381.6264553165336,
  "Guyana": 1498.1758598910333,
  "G\u0103g\u0103uzia": 1445.3706785783563,
  "Haiti": 1685.4863186671018,
  "Hitra": 1366.441221339078,
  "Hmong": 1469.4261847592545,
  "Honduras": 1702.6058913888226,
  "Hong Kong": 1339.7913827521936,
  "Hungary": 1736.1644682000167,
  "Iceland": 1585.3241194289212,
  "India": 1276.7927629772184,
  "Indonesia": 1492.8090339372454,
  "Iran": 1882.2834801577549,
  "Iraq": 1727.9961363692687,
  "Iraqi Kurdistan": 1621.3637830729572,
  "Ireland": 1709.5665250505392,
  "Isle of Man": 1689.3189873291774,
  "Isle of Wight": 1643.037771710432,
  "Israel": 1651.0382877427833,
  "Italy": 1892.6736483591171,
  "Ivory Coast": 1807.4717049340904,
  "Jamaica": 1662.831301311467,
  "Japan": 1954.5077356379545,
  "Jersey": 1792.8928452273367,
  "Jordan": 1763.9739101456466,
  "Kabylia": 1463.3416987340506,
  "Kazakhstan": 1470.7831825570413,
  "Kenya": 1472.5514607601265,
  "Kernow": 1560.674443885611,
  "Kiribati": 1293.2864782880797,
  "Kosovo": 1701.1435819222456,
  "Kurdistan": 1553.2940387104732,
  "Kuwait": 1473.6407734583443,
  "Kyrgyzstan": 1453.9011377999086,
  "K\u00e1rp\u00e1talja": 1586.1560182516564,
  "Laos": 987.4301277914049,
  "Latvia": 1308.8625546957226,
  "Lebanon": 1456.8687074131637,
  "Lesotho": 1409.7123884769264,
  "Liberia": 1434.3399604751487,
  "Libya": 1512.7109470542878,
  "Liechtenstein": 985.8550611743444,
  "Lithuania": 1303.3261274651559,
  "Luhansk PR": 1493.3036289564284,
  "Luxembourg": 1422.2936053193328,
  "Macau": 912.5090279853797,
  "Madagascar": 1487.7606604179214,
  "Madrid": 1493.1137901765094,
  "Malawi": 1438.8695823402086,
  "Malaysia": 1472.1572768181331,
  "Maldives": 1052.0070375027349,
  "Mali": 1698.9614649833447,
  "Malta": 1296.3076469072255,
  "Manchukuo": 1456.8439778649583,
  "Mapuche": 1506.6214508795656,
  "Marshall Islands": 1435.4480784876232,
  "Martinique": 1495.5118212085545,
  "Matabeleland": 1487.146390127495,
  "Maule Sur": 1522.9451025832418,
  "Mauritania": 1435.0739956988027,
  "Mauritius": 1218.8141681735958,
  "Mayotte": 1461.1434650951323,
  "Menorca": 1562.3988252264114,
  "Mexico": 1952.1865609857998,
  "Micronesia": 1376.2680882284067,
  "Moldova": 1296.5617405570558,
  "Monaco": 1467.2866499988245,
  "Mongolia": 1043.1224396844682,
  "Montenegro": 1492.4502690837217,
  "Montserrat": 1255.899679906257,
  "Morocco": 1946.0082091087359,
  "Mozambique": 1496.627875236447,
  "Myanmar": 1168.4726625386431,
  "Namibia": 1436.1610210589997,
  "Nepal": 1130.7519504056886,
  "Netherlands": 1969.4897445687893,
  "New Caledonia": 1615.3128586642922,
  "New Zealand": 1727.1104120463444,
  "Nicaragua": 1505.6255842831097,
  "Niger": 1479.8160368231668,
  "Nigeria": 1847.5285975748757,
  "Niue": 1447.211435682916,
  "North Korea": 1505.4070308832884,
  "North Macedonia": 1618.3243099298836,
  "North Vietnam": 1489.92626256871,
  "Northern Cyprus": 1663.2955517185094,
  "Northern Ireland": 1608.9181981924776,
  "Northern Mariana Islands": 1057.760775878623,
  "Norway": 1897.3590605844913,
  "Occitania": 1644.7508831866298,
  "Oman": 1586.432999300436,
  "Orkney": 1408.784388074023,
  "Padania": 1675.0708519902182,
  "Pakistan": 1143.7012017776804,
  "Palau": 1457.6800859783414,
  "Palestine": 1584.1033028130419,
  "Panama": 1844.070165573221,
  "Panjab": 1566.3983147422095,
  "Papua New Guinea": 1485.1794974663198,
  "Paraguay": 1835.0344184090463,
  "Parishes of Jersey": 1509.9770701018008,
  "Peru": 1751.7035528017698,
  "Philippines": 1354.269379104889,
  "Poland": 1737.5657486530656,
  "Portugal": 2003.296726151447,
  "Provence": 1454.916087180777,
  "Puerto Rico": 1372.8269280454917,